Workbook
Name Slicer_Representative: #N/A

Sheet calculation
A3: Call Count | B3: Total Amount | C3: Call Duration | D3: 5*calls | E3: Avg. Rating
A4: 1000 | B4: 96623 | C4: 89850 | D4: 307 | E4: 3.8854
A7: Call Count | B7: Total Amount | C7: Call Duration | D7: 5*calls | E7: Avg. Rating
A8: 218 | B8: 20581 | C8: 19300 | D8: 74 | E8: 3.8706422
A15: Row Labels | B15: Call Count | C15: Call Count2
A16: Jan | B16: 19 | C16: 19 | G16: Row Labels | H16: Call Count
A17: Feb | B17: 10 | C17: 10 | G17: Sunday | H17: 28
A18: Mar | B18: 40 | C18: 40 | G18: Saturday | H18: 24 | N18: Selected rep | O18: =M39 -> R02
A19: Apr | B19: 40 | C19: 40 | G19: Friday | H19: 29
A20: May | B20: 13 | C20: 13 | G20: Thursday | H20: 33 | K20: rep | L20: col | M20: amount | N20: Sel. Calls | O20: Sel. amount
A21: Jun | B21: 12 | C21: 12 | G21: Wednesday | H21: 36 | K21: R01 | L21: 189 | M21: 18415 | N21: =IF(K21=$O$18,L21,NA()) -> #N/A | O21: =IF(K21=$O$18,M21,NA()) -> #N/A
A22: Jul | B22: 9 | C22: 9 | G22: Tuesday | H22: 44 | K22: R02 | L22: 218 | M22: 20581 | N22: =IF(K22=$O$18,L22,NA()) -> 218 | O22: =IF(K22=$O$18,M22,NA()) -> 20581
A23: Aug | B23: 13 | C23: 13 | G23: Monday | H23: 24 | K23: R03 | L23: 207 | M23: 20872 | N23: =IF(K23=$O$18,L23,NA()) -> #N/A | O23: =IF(K23=$O$18,M23,NA()) -> #N/A
A24: Sep | B24: 18 | C24: 18 | G24: Grand Total | H24: 218 | K24: R04 | L24: 186 | M24: 16651 | N24: =IF(K24=$O$18,L24,NA()) -> #N/A | O24: =IF(K24=$O$18,M24,NA()) -> #N/A
A25: Oct | B25: 21 | C25: 21 | K25: R05 | L25: 200 | M25: 20104 | N25: =IF(K25=$O$18,L25,NA()) -> #N/A | O25: =IF(K25=$O$18,M25,NA()) -> #N/A
A26: Nov | B26: 14 | C26: 14
A27: Dec | B27: 9 | C27: 9
A28: Grand Total | B28: 218 | C28: 218
E37: Row Labels | F37: Call Count | G37: Total Amount
E38: R01 | F38: 189 | G38: 18415 | M38: Row Labels
E39: R02 | F39: 218 | G39: 20581 | M39: R02
E40: R03 | F40: 207 | G40: 20872 | M40: Grand Total
E41: R04 | F41: 186 | G41: 16651
E42: R05 | F42: 200 | G42: 20104
E43: Grand Total | F43: 1000 | G43: 96623
B50: Call Count | C50: Column Labels
B51: Row Labels | C51: Female | D51: Male | E51: Grand Total
B52: Cincinnati | C52: 144 | D52: 132 | E52: 276
B53: Cleveland | C53: 326 | D53: 63 | E53: 389
B54: Columbus | C54: 129 | D54: 206 | E54: 335
B55: Grand Total | C55: 599 | D55: 401 | E55: 1000
B59: Row Labels | C59: Call Count
B60: 1 | C60: 3
B61: 2 | C61: 19
B62: 3 | C62: 35
B63: 4 | C63: 87
B64: 5 | C64: 74
B65: Grand Total | C65: 218
B70: Total Amount | C70: Column Labels
B71: Row Labels | C71: R01 | D71: R02 | E71: R03 | F71: R04 | G71: R05 | H71: Grand Total
B72: Cincinnati
B73: C0003 | C73: 891 | D73: 1332 | E73: 1282 | F73: 739 | G73: 560 | H73: 4804
B74: C0004 | C74: 1991 | D74: 1886 | E74: 1206 | F74: 884 | G74: 1722 | H74: 7689
B75: C0011 | C75: 1163 | D75: 1180 | E75: 1616 | F75: 1043 | G75: 1747 | H75: 6749
B76: C0012 | C76: 1438 | D76: 1616 | E76: 866 | F76: 829 | G76: 2070 | H76: 6819
B77: Cleveland
B78: C0002 | C78: 1233 | D78: 223 | E78: 1680 | F78: 990 | G78: 1508 | H78: 5634
B79: C0007 | C79: 1598 | D79: 1907 | E79: 869 | F79: 1426 | G79: 1416 | H79: 7216
B80: C0008 | C80: 900 | D80: 1016 | E80: 960 | F80: 940 | G80: 1193 | H80: 5009
B81: C0010 | C81: 900 | D81: 1470 | E81: 1617 | F81: 1314 | G81: 941 | H81: 6242
B82: C0013 | C82: 1255 | D82: 516 | E82: 1874 | F82: 1863 | G82: 1722 | H82: 7230
B83: C0015 | C83: 1138 | D83: 1898 | E83: 1482 | F83: 846 | G83: 1154 | H83: 6518
B84: Columbus
B85: C0001 | C85: 1655 | D85: 805 | E85: 2263 | F85: 987 | G85: 1075 | H85: 6785
B86: C0005 | C86: 1104 | D86: 2280 | E86: 1445 | F86: 1722 | G86: 1196 | H86: 7747
B87: C0006 | C87: 372 | D87: 1818 | E87: 1346 | F87: 1156 | G87: 1484 | H87: 6176
B88: C0009 | C88: 1415 | D88: 1271 | E88: 1214 | F88: 1135 | G88: 1566 | H88: 6601
B89: C0014 | C89: 1362 | D89: 1363 | E89: 1152 | F89: 777 | G89: 750 | H89: 5404

Sheet Data
B1: Call Centre Data
B3: Call number | C3: Customer ID | D3: Duration | E3: Representative | F3: Date of Call | G3: Purchase Amount | H3: Satisfaction Rating | I3: FY | J3: Day of week | K3: Duration Bucket | L3: Rating rounded | Q3: Customer ID | R3: Gedner | S3: Age | T3: City
B4: Call_7271 | C4: C0003 | D4: 116 | E4: R05 | F4: 44927 | G4: 128 | H4: 4.9 | I4: =IF(MONTH(calls[[#This Row],[Date of Call]])<=6, YEAR(calls[[#This Row],[Date of Call]]), YEAR(calls[[#This Row],[Date of Call]])+1) -> 2023 | J4: =TEXT(calls[[#This Row],[Date of Call]],"DDDD") -> Sunday | K4: {=_xlfn.IFS(calls[[#This Row],[Duration]]<=10,"Under 10 mins", calls[[#This Row],[Duration]]<=30, "10 to 30 mins", calls[[#This Row],[Duration]]<=60, "30 to 60 mins", calls[[#This Row],[Duration]]<=120, "1 to 2 hours", TRUE, "More than 2 hours")} -> 1 to 2 hours | L4: =ROUND(calls[[#This Row],[Satisfaction Rating]],0) -> 5 | Q4: C0001 | R4: Male | S4: 41 | T4: Columbus
B5: Call_7272 | C5: C0004 | D5: 119 | E5: R05 | F5: 44927 | G5: 135 | H5: 2.9 | I5: =IF(MONTH(calls[[#This Row],[Date of Call]])<=6, YEAR(calls[[#This Row],[Date of Call]]), YEAR(calls[[#This Row],[Date of Call]])+1) -> 2023 | J5: =TEXT(calls[[#This Row],[Date of Call]],"DDDD") -> Sunday | K5: {=_xlfn.IFS(calls[[#This Row],[Duration]]<=10,"Under 10 mins", calls[[#This Row],[Duration]]<=30, "10 to 30 mins", calls[[#This Row],[Duration]]<=60, "30 to 60 mins", calls[[#This Row],[Duration]]<=120, "1 to 2 hours", TRUE, "More than 2 hours")} -> 1 to 2 hours | L5: =ROUND(calls[[#This Row],[Satisfaction Rating]],0) -> 3 | Q5: C0002 | R5: Male | S5: 31 | T5: Cleveland
B6: Call_7273 | C6: C0005 | D6: 68 | E6: R02 | F6: 44927 | G6: 66 | H6: 4.7 | I6: =IF(MONTH(calls[[#This Row],[Date of Call]])<=6, YEAR(calls[[#This Row],[Date of Call]]), YEAR(calls[[#This Row],[Date of Call]])+1) -> 2023 | J6: =TEXT(calls[[#This Row],[Date of Call]],"DDDD") -> Sunday | K6: {=_xlfn.IFS(calls[[#This Row],[Duration]]<=10,"Under 10 mins", calls[[#This Row],[Duration]]<=30, "10 to 30 mins", calls[[#This Row],[Duration]]<=60, "30 to 60 mins", calls[[#This Row],[Duration]]<=120, "1 to 2 hours", TRUE, "More than 2 hours")} -> 1 to 2 hours | L6: =ROUND(calls[[#This Row],[Satisfaction Rating]],0) -> 5 | Q6: C0003 | R6: Male | S6: 26 | T6: Cincinnati
B7: Call_7274 | C7: C0014 | D7: 119 | E7: R02 | F7: 44927 | G7: 22 | H7: 2.9 | I7: =IF(MONTH(calls[[#This Row],[Date of Call]])<=6, YEAR(calls[[#This Row],[Date of Call]]), YEAR(calls[[#This Row],[Date of Call]])+1) -> 2023 | J7: =TEXT(calls[[#This Row],[Date of Call]],"DDDD") -> Sunday | K7: {=_xlfn.IFS(calls[[#This Row],[Duration]]<=10,"Under 10 mins", calls[[#This Row],[Duration]]<=30, "10 to 30 mins", calls[[#This Row],[Duration]]<=60, "30 to 60 mins", calls[[#This Row],[Duration]]<=120, "1 to 2 hours", TRUE, "More than 2 hours")} -> 1 to 2 hours | L7: =ROUND(calls[[#This Row],[Satisfaction Rating]],0) -> 3 | Q7: C0004 | R7: Male | S7: 36 | T7: Cincinnati
B8: Call_7275 | C8: C0011 | D8: 128 | E8: R01 | F8: 44928 | G8: 31 | H8: 2.8 | I8: =IF(MONTH(calls[[#This Row],[Date of Call]])<=6, YEAR(calls[[#This Row],[Date of Call]]), YEAR(calls[[#This Row],[Date of Call]])+1) -> 2023 | J8: =TEXT(calls[[#This Row],[Date of Call]],"DDDD") -> Monday | K8: {=_xlfn.IFS(calls[[#This Row],[Duration]]<=10,"Under 10 mins", calls[[#This Row],[Duration]]<=30, "10 to 30 mins", calls[[#This Row],[Duration]]<=60, "30 to 60 mins", calls[[#This Row],[Duration]]<=120, "1 to 2 hours", TRUE, "More than 2 hours")} -> More than 2 hours | L8: =ROUND(calls[[#This Row],[Satisfaction Rating]],0) -> 3 | Q8: C0005 | R8: Male | S8: 37 | T8: Columbus
B9: Call_7276 | C9: C0011 | D9: 49 | E9: R02 | F9: 44929 | G9: 135 | H9: 4.8 | I9: =IF(MONTH(calls[[#This Row],[Date of Call]])<=6, YEAR(calls[[#This Row],[Date of Call]]), YEAR(calls[[#This Row],[Date of Call]])+1) -> 2023 | J9: =TEXT(calls[[#This Row],[Date of Call]],"DDDD") -> Tuesday | K9: {=_xlfn.IFS(calls[[#This Row],[Duration]]<=10,"Under 10 mins", calls[[#This Row],[Duration]]<=30, "10 to 30 mins", calls[[#This Row],[Duration]]<=60, "30 to 60 mins", calls[[#This Row],[Duration]]<=120, "1 to 2 hours", TRUE, "More than 2 hours")} -> 30 to 60 mins | L9: =ROUND(calls[[#This Row],[Satisfaction Rating]],0) -> 5 | Q9: C0006 | R9: Male | S9: 23 | T9: Columbus
B10: Call_7277 | C10: C0007 | D10: 84 | E10: R05 | F10: 44929 | G10: 60 | H10: 4.7 | I10: =IF(MONTH(calls[[#This Row],[Date of Call]])<=6, YEAR(calls[[#This Row],[Date of Call]]), YEAR(calls[[#This Row],[Date of Call]])+1) -> 2023 | J10: =TEXT(calls[[#This Row],[Date of Call]],"DDDD") -> Tuesday | K10: {=_xlfn.IFS(calls[[#This Row],[Duration]]<=10,"Under 10 mins", calls[[#This Row],[Duration]]<=30, "10 to 30 mins", calls[[#This Row],[Duration]]<=60, "30 to 60 mins", calls[[#This Row],[Duration]]<=120, "1 to 2 hours", TRUE, "More than 2 hours")} -> 1 to 2 hours | L10: =ROUND(calls[[#This Row],[Satisfaction Rating]],0) -> 5 | Q10: C0007 | R10: Female | S10: 22 | T10: Cleveland
B11: Call_7278 | C11: C0003 | D11: 103 | E11: R04 | F11: 44929 | G11: 148 | H11: 4.4 | I11: =IF(MONTH(calls[[#This Row],[Date of Call]])<=6, YEAR(calls[[#This Row],[Date of Call]]), YEAR(calls[[#This Row],[Date of Call]])+1) -> 2023 | J11: =TEXT(calls[[#This Row],[Date of Call]],"DDDD") -> Tuesday | K11: {=_xlfn.IFS(calls[[#This Row],[Duration]]<=10,"Under 10 mins", calls[[#This Row],[Duration]]<=30, "10 to 30 mins", calls[[#This Row],[Duration]]<=60, "30 to 60 mins", calls[[#This Row],[Duration]]<=120, "1 to 2 hours", TRUE, "More than 2 hours")} -> 1 to 2 hours | L11: =ROUND(calls[[#This Row],[Satisfaction Rating]],0) -> 4 | Q11: C0008 | R11: Female | S11: 42 | T11: Cleveland
B12: Call_7279 | C12: C0005 | D12: 31 | E12: R02 | F12: 44929 | G12: 135 | H12: 3.6 | I12: =IF(MONTH(calls[[#This Row],[Date of Call]])<=6, YEAR(calls[[#This Row],[Date of Call]]), YEAR(calls[[#This Row],[Date of Call]])+1) -> 2023 | J12: =TEXT(calls[[#This Row],[Date of Call]],"DDDD") -> Tuesday | K12: {=_xlfn.IFS(calls[[#This Row],[Duration]]<=10,"Under 10 mins", calls[[#This Row],[Duration]]<=30, "10 to 30 mins", calls[[#This Row],[Duration]]<=60, "30 to 60 mins", calls[[#This Row],[Duration]]<=120, "1 to 2 hours", TRUE, "More than 2 hours")} -> 30 to 60 mins | L12: =ROUND(calls[[#This Row],[Satisfaction Rating]],0) -> 4 | Q12: C0009 | R12: Female | S12: 25 | T12: Columbus
B13: Call_7280 | C13: C0010 | D13: 44 | E13: R03 | F13: 44929 | G13: 105 | H13: 2.9 | I13: =IF(MONTH(calls[[#This Row],[Date of Call]])<=6, YEAR(calls[[#This Row],[Date of Call]]), YEAR(calls[[#This Row],[Date of Call]])+1) -> 2023 | J13: =TEXT(calls[[#This Row],[Date of Call]],"DDDD") -> Tuesday | K13: {=_xlfn.IFS(calls[[#This Row],[Duration]]<=10,"Under 10 mins", calls[[#This Row],[Duration]]<=30, "10 to 30 mins", calls[[#This Row],[Duration]]<=60, "30 to 60 mins", calls[[#This Row],[Duration]]<=120, "1 to 2 hours", TRUE, "More than 2 hours")} -> 30 to 60 mins | L13: =ROUND(calls[[#This Row],[Satisfaction Rating]],0) -> 3 | Q13: C0010 | R13: Female | S13: 30 | T13: Cleveland
B14: Call_7281 | C14: C0011 | D14: 102 | E14: R02 | F14: 44929 | G14: 69 | H14: 4.9 | I14: =IF(MONTH(calls[[#This Row],[Date of Call]])<=6, YEAR(calls[[#This Row],[Date of Call]]), YEAR(calls[[#This Row],[Date of Call]])+1) -> 2023 | J14: =TEXT(calls[[#This Row],[Date of Call]],"DDDD") -> Tuesday | K14: {=_xlfn.IFS(calls[[#This Row],[Duration]]<=10,"Under 10 mins", calls[[#This Row],[Duration]]<=30, "10 to 30 mins", calls[[#This Row],[Duration]]<=60, "30 to 60 mins", calls[[#This Row],[Duration]]<=120, "1 to 2 hours", TRUE, "More than 2 hours")} -> 1 to 2 hours | L14: =ROUND(calls[[#This Row],[Satisfaction Rating]],0) -> 5 | Q14: C0011 | R14: Female | S14: 30 | T14: Cincinnati
B15: Call_7282 | C15: C0013 | D15: 135 | E15: R05 | F15: 44929 | G15: 46 | H15: 3.4 | I15: =IF(MONTH(calls[[#This Row],[Date of Call]])<=6, YEAR(calls[[#This Row],[Date of Call]]), YEAR(calls[[#This Row],[Date of Call]])+1) -> 2023 | J15: =TEXT(calls[[#This Row],[Date of Call]],"DDDD") -> Tuesday | K15: {=_xlfn.IFS(calls[[#This Row],[Duration]]<=10,"Under 10 mins", calls[[#This Row],[Duration]]<=30, "10 to 30 mins", calls[[#This Row],[Duration]]<=60, "30 to 60 mins", calls[[#This Row],[Duration]]<=120, "1 to 2 hours", TRUE, "More than 2 hours")} -> More than 2 hours | L15: =ROUND(calls[[#This Row],[Satisfaction Rating]],0) -> 3 | Q15: C0012 | R15: Female | S15: 28 | T15: Cincinnati
... B18: Call_7285 | C18: C0013 | D18: 48 | E18: R01 | F18: 44930 | G18: 68 | H18: 4.9 | I18: =IF(MONTH(calls[[#This Row],[Date of Call]])<=6, YEAR(calls[[#This Row],[Date of Call]]), YEAR(calls[[#This Row],[Date of Call]])+1) -> 2023 | J18: =TEXT(calls[[#This Row],[Date of Call]],"DDDD") -> Wednesday | K18: {=_xlfn.IFS(calls[[#This Row],[Duration]]<=10,"Under 10 mins", calls[[#This Row],[Duration]]<=30, "10 to 30 mins", calls[[#This Row],[Duration]]<=60, "30 to 60 mins", calls[[#This Row],[Duration]]<=120, "1 to 2 hours", TRUE, "More than 2 hours")} -> 30 to 60 mins | L18: =ROUND(calls[[#This Row],[Satisfaction Rating]],0) -> 5 | Q18: C0015 | R18: Female | S18: 43 | T18: Cleveland
B19: Call_7286 | C19: C0010 | D19: 176 | E19: R05 | F19: 44931 | G19: 24 | H19: 4.8 | I19: =IF(MONTH(calls[[#This Row],[Date of Call]])<=6, YEAR(calls[[#This Row],[Date of Call]]), YEAR(calls[[#This Row],[Date of Call]])+1) -> 2023 | J19: =TEXT(calls[[#This Row],[Date of Call]],"DDDD") -> Thursday | K19: {=_xlfn.IFS(calls[[#This Row],[Duration]]<=10,"Under 10 mins", calls[[#This Row],[Duration]]<=30, "10 to 30 mins", calls[[#This Row],[Duration]]<=60, "30 to 60 mins", calls[[#This Row],[Duration]]<=120, "1 to 2 hours", TRUE, "More than 2 hours")} -> More than 2 hours | L19: =ROUND(calls[[#This Row],[Satisfaction Rating]],0) -> 5
B20: Call_7287 | C20: C0010 | D20: 99 | E20: R01 | F20: 44931 | G20: 195 | H20: 3.9 | I20: =IF(MONTH(calls[[#This Row],[Date of Call]])<=6, YEAR(calls[[#This Row],[Date of Call]]), YEAR(calls[[#This Row],[Date of Call]])+1) -> 2023 | J20: =TEXT(calls[[#This Row],[Date of Call]],"DDDD") -> Thursday | K20: {=_xlfn.IFS(calls[[#This Row],[Duration]]<=10,"Under 10 mins", calls[[#This Row],[Duration]]<=30, "10 to 30 mins", calls[[#This Row],[Duration]]<=60, "30 to 60 mins", calls[[#This Row],[Duration]]<=120, "1 to 2 hours", TRUE, "More than 2 hours")} -> 1 to 2 hours | L20: =ROUND(calls[[#This Row],[Satisfaction Rating]],0) -> 4
B21: Call_7288 | C21: C0009 | D21: 28 | E21: R03 | F21: 44931 | G21: 28 | H21: 3.8 | I21: =IF(MONTH(calls[[#This Row],[Date of Call]])<=6, YEAR(calls[[#This Row],[Date of Call]]), YEAR(calls[[#This Row],[Date of Call]])+1) -> 2023 | J21: =TEXT(calls[[#This Row],[Date of Call]],"DDDD") -> Thursday | K21: {=_xlfn.IFS(calls[[#This Row],[Duration]]<=10,"Under 10 mins", calls[[#This Row],[Duration]]<=30, "10 to 30 mins", calls[[#This Row],[Duration]]<=60, "30 to 60 mins", calls[[#This Row],[Duration]]<=120, "1 to 2 hours", TRUE, "More than 2 hours")} -> 10 to 30 mins | L21: =ROUND(calls[[#This Row],[Satisfaction Rating]],0) -> 4
B22: Call_7289 | C22: C0007 | D22: 54 | E22: R02 | F22: 44931 | G22: 170 | H22: 4.3 | I22: =IF(MONTH(calls[[#This Row],[Date of Call]])<=6, YEAR(calls[[#This Row],[Date of Call]]), YEAR(calls[[#This Row],[Date of Call]])+1) -> 2023 | J22: =TEXT(calls[[#This Row],[Date of Call]],"DDDD") -> Thursday | K22: {=_xlfn.IFS(calls[[#This Row],[Duration]]<=10,"Under 10 mins", calls[[#This Row],[Duration]]<=30, "10 to 30 mins", calls[[#This Row],[Duration]]<=60, "30 to 60 mins", calls[[#This Row],[Duration]]<=120, "1 to 2 hours", TRUE, "More than 2 hours")} -> 30 to 60 mins | L22: =ROUND(calls[[#This Row],[Satisfaction Rating]],0) -> 4
B23: Call_7290 | C23: C0006 | D23: 48 | E23: R05 | F23: 44932 | G23: 30 | H23: 4.4 | I23: =IF(MONTH(calls[[#This Row],[Date of Call]])<=6, YEAR(calls[[#This Row],[Date of Call]]), YEAR(calls[[#This Row],[Date of Call]])+1) -> 2023 | J23: =TEXT(calls[[#This Row],[Date of Call]],"DDDD") -> Friday | K23: {=_xlfn.IFS(calls[[#This Row],[Duration]]<=10,"Under 10 mins", calls[[#This Row],[Duration]]<=30, "10 to 30 mins", calls[[#This Row],[Duration]]<=60, "30 to 60 mins", calls[[#This Row],[Duration]]<=120, "1 to 2 hours", TRUE, "More than 2 hours")} -> 30 to 60 mins | L23: =ROUND(calls[[#This Row],[Satisfaction Rating]],0) -> 4
B24: Call_7291 | C24: C0004 | D24: 128 | E24: R05 | F24: 44932 | G24: 72 | H24: 5 | I24: =IF(MONTH(calls[[#This Row],[Date of Call]])<=6, YEAR(calls[[#This Row],[Date of Call]]), YEAR(calls[[#This Row],[Date of Call]])+1) -> 2023 | J24: =TEXT(calls[[#This Row],[Date of Call]],"DDDD") -> Friday | K24: {=_xlfn.IFS(calls[[#This Row],[Duration]]<=10,"Under 10 mins", calls[[#This Row],[Duration]]<=30, "10 to 30 mins", calls[[#This Row],[Duration]]<=60, "30 to 60 mins", calls[[#This Row],[Duration]]<=120, "1 to 2 hours", TRUE, "More than 2 hours")} -> More than 2 hours | L24: =ROUND(calls[[#This Row],[Satisfaction Rating]],0) -> 5
B25: Call_7292 | C25: C0004 | D25: 38 | E25: R04 | F25: 44933 | G25: 92 | H25: 4.9 | I25: =IF(MONTH(calls[[#This Row],[Date of Call]])<=6, YEAR(calls[[#This Row],[Date of Call]]), YEAR(calls[[#This Row],[Date of Call]])+1) -> 2023 | J25: =TEXT(calls[[#This Row],[Date of Call]],"DDDD") -> Saturday | K25: {=_xlfn.IFS(calls[[#This Row],[Duration]]<=10,"Under 10 mins", calls[[#This Row],[Duration]]<=30, "10 to 30 mins", calls[[#This Row],[Duration]]<=60, "30 to 60 mins", calls[[#This Row],[Duration]]<=120, "1 to 2 hours", TRUE, "More than 2 hours")} -> 30 to 60 mins | L25: =ROUND(calls[[#This Row],[Satisfaction Rating]],0) -> 5
B26: Call_7293 | C26: C0003 | D26: 67 | E26: R04 | F26: 44934 | G26: 165 | H26: 4.5 | I26: =IF(MONTH(calls[[#This Row],[Date of Call]])<=6, YEAR(calls[[#This Row],[Date of Call]]), YEAR(calls[[#This Row],[Date of Call]])+1) -> 2023 | J26: =TEXT(calls[[#This Row],[Date of Call]],"DDDD") -> Sunday | K26: {=_xlfn.IFS(calls[[#This Row],[Duration]]<=10,"Under 10 mins", calls[[#This Row],[Duration]]<=30, "10 to 30 mins", calls[[#This Row],[Duration]]<=60, "30 to 60 mins", calls[[#This Row],[Duration]]<=120, "1 to 2 hours", TRUE, "More than 2 hours")} -> 1 to 2 hours | L26: =ROUND(calls[[#This Row],[Satisfaction Rating]],0) -> 5
B27: Call_7294 | C27: C0015 | D27: 58 | E27: R02 | F27: 44934 | G27: 140 | H27: 2.1 | I27: =IF(MONTH(calls[[#This Row],[Date of Call]])<=6, YEAR(calls[[#This Row],[Date of Call]]), YEAR(calls[[#This Row],[Date of Call]])+1) -> 2023 | J27: =TEXT(calls[[#This Row],[Date of Call]],"DDDD") -> Sunday | K27: {=_xlfn.IFS(calls[[#This Row],[Duration]]<=10,"Under 10 mins", calls[[#This Row],[Duration]]<=30, "10 to 30 mins", calls[[#This Row],[Duration]]<=60, "30 to 60 mins", calls[[#This Row],[Duration]]<=120, "1 to 2 hours", TRUE, "More than 2 hours")} -> 30 to 60 mins | L27: =ROUND(calls[[#This Row],[Satisfaction Rating]],0) -> 2
B28: Call_7295 | C28: C0010 | D28: 54 | E28: R01 | F28: 44934 | G28: 111 | H28: 3.3 | I28: =IF(MONTH(calls[[#This Row],[Date of Call]])<=6, YEAR(calls[[#This Row],[Date of Call]]), YEAR(calls[[#This Row],[Date of Call]])+1) -> 2023 | J28: =TEXT(calls[[#This Row],[Date of Call]],"DDDD") -> Sunday | K28: {=_xlfn.IFS(calls[[#This Row],[Duration]]<=10,"Under 10 mins", calls[[#This Row],[Duration]]<=30, "10 to 30 mins", calls[[#This Row],[Duration]]<=60, "30 to 60 mins", calls[[#This Row],[Duration]]<=120, "1 to 2 hours", TRUE, "More than 2 hours")} -> 30 to 60 mins | L28: =ROUND(calls[[#This Row],[Satisfaction Rating]],0) -> 3
B29: Call_7296 | C29: C0012 | D29: 28 | E29: R05 | F29: 44935 | G29: 63 | H29: 4.1 | I29: =IF(MONTH(calls[[#This Row],[Date of Call]])<=6, YEAR(calls[[#This Row],[Date of Call]]), YEAR(calls[[#This Row],[Date of Call]])+1) -> 2023 | J29: =TEXT(calls[[#This Row],[Date of Call]],"DDDD") -> Monday | K29: {=_xlfn.IFS(calls[[#This Row],[Duration]]<=10,"Under 10 mins", calls[[#This Row],[Duration]]<=30, "10 to 30 mins", calls[[#This Row],[Duration]]<=60, "30 to 60 mins", calls[[#This Row],[Duration]]<=120, "1 to 2 hours", TRUE, "More than 2 hours")} -> 10 to 30 mins | L29: =ROUND(calls[[#This Row],[Satisfaction Rating]],0) -> 4
B30: Call_7297 | C30: C0002 | D30: 73 | E30: R05 | F30: 44935 | G30: 80 | H30: 4.2 | I30: =IF(MONTH(calls[[#This Row],[Date of Call]])<=6, YEAR(calls[[#This Row],[Date of Call]]), YEAR(calls[[#This Row],[Date of Call]])+1) -> 2023 | J30: =TEXT(calls[[#This Row],[Date of Call]],"DDDD") -> Monday | K30: {=_xlfn.IFS(calls[[#This Row],[Duration]]<=10,"Under 10 mins", calls[[#This Row],[Duration]]<=30, "10 to 30 mins", calls[[#This Row],[Duration]]<=60, "30 to 60 mins", calls[[#This Row],[Duration]]<=120, "1 to 2 hours", TRUE, "More than 2 hours")} -> 1 to 2 hours | L30: =ROUND(calls[[#This Row],[Satisfaction Rating]],0) -> 4
... B1003: Call_8270 | C1003: C0009 | D1003: 114 | E1003: R01 | F1003: 45291 | G1003: 40 | H1003: 3.9 | I1003: =IF(MONTH(calls[[#This Row],[Date of Call]])<=6, YEAR(calls[[#This Row],[Date of Call]]), YEAR(calls[[#This Row],[Date of Call]])+1) -> 2024 | J1003: =TEXT(calls[[#This Row],[Date of Call]],"DDDD") -> Sunday | K1003: {=_xlfn.IFS(calls[[#This Row],[Duration]]<=10,"Under 10 mins", calls[[#This Row],[Duration]]<=30, "10 to 30 mins", calls[[#This Row],[Duration]]<=60, "30 to 60 mins", calls[[#This Row],[Duration]]<=120, "1 to 2 hours", TRUE, "More than 2 hours")} -> 1 to 2 hours | L1003: =ROUND(calls[[#This Row],[Satisfaction Rating]],0) -> 4

Sheet Assets

Sheet dashboard
N16: =calculation!C71 -> R01 | O16: =calculation!D71 -> R02 | P16: =calculation!E71 -> R03 | Q16: =calculation!F71 -> R04 | R16: =calculation!G71 -> R05 | S16: Total
M17: =calculation!B72 -> Cincinnati
M18: =calculation!B73 -> C0003 | N18: =calculation!C73 -> 891 | O18: =calculation!D73 -> 1332 | P18: =calculation!E73 -> 1282 | Q18: =calculation!F73 -> 739 | R18: =calculation!G73 -> 560 | S18: =calculation!H73 -> 4804
M19: =calculation!B74 -> C0004 | N19: =calculation!C74 -> 1991 | O19: =calculation!D74 -> 1886 | P19: =calculation!E74 -> 1206 | Q19: =calculation!F74 -> 884 | R19: =calculation!G74 -> 1722 | S19: =calculation!H74 -> 7689
M20: =calculation!B75 -> C0011 | N20: =calculation!C75 -> 1163 | O20: =calculation!D75 -> 1180 | P20: =calculation!E75 -> 1616 | Q20: =calculation!F75 -> 1043 | R20: =calculation!G75 -> 1747 | S20: =calculation!H75 -> 6749
M21: =calculation!B76 -> C0012 | N21: =calculation!C76 -> 1438 | O21: =calculation!D76 -> 1616 | P21: =calculation!E76 -> 866 | Q21: =calculation!F76 -> 829 | R21: =calculation!G76 -> 2070 | S21: =calculation!H76 -> 6819
M22: =calculation!B77 -> Cleveland
M23: =calculation!B78 -> C0002 | N23: =calculation!C78 -> 1233 | O23: =calculation!D78 -> 223 | P23: =calculation!E78 -> 1680 | Q23: =calculation!F78 -> 990 | R23: =calculation!G78 -> 1508 | S23: =calculation!H78 -> 5634
M24: =calculation!B79 -> C0007 | N24: =calculation!C79 -> 1598 | O24: =calculation!D79 -> 1907 | P24: =calculation!E79 -> 869 | Q24: =calculation!F79 -> 1426 | R24: =calculation!G79 -> 1416 | S24: =calculation!H79 -> 7216
M25: =calculation!B80 -> C0008 | N25: =calculation!C80 -> 900 | O25: =calculation!D80 -> 1016 | P25: =calculation!E80 -> 960 | Q25: =calculation!F80 -> 940 | R25: =calculation!G80 -> 1193 | S25: =calculation!H80 -> 5009
M26: =calculation!B81 -> C0010 | N26: =calculation!C81 -> 900 | O26: =calculation!D81 -> 1470 | P26: =calculation!E81 -> 1617 | Q26: =calculation!F81 -> 1314 | R26: =calculation!G81 -> 941 | S26: =calculation!H81 -> 6242
M27: =calculation!B82 -> C0013 | N27: =calculation!C82 -> 1255 | O27: =calculation!D82 -> 516 | P27: =calculation!E82 -> 1874 | Q27: =calculation!F82 -> 1863 | R27: =calculation!G82 -> 1722 | S27: =calculation!H82 -> 7230
M28: =calculation!B83 -> C0015 | N28: =calculation!C83 -> 1138 | O28: =calculation!D83 -> 1898 | P28: =calculation!E83 -> 1482 | Q28: =calculation!F83 -> 846 | R28: =calculation!G83 -> 1154 | S28: =calculation!H83 -> 6518
M29: =calculation!B84 -> Columbus
M30: =calculation!B85 -> C0001 | N30: =calculation!C85 -> 1655 | O30: =calculation!D85 -> 805 | P30: =calculation!E85 -> 2263 | Q30: =calculation!F85 -> 987 | R30: =calculation!G85 -> 1075 | S30: =calculation!H85 -> 6785
M31: =calculation!B86 -> C0005 | N31: =calculation!C86 -> 1104 | O31: =calculation!D86 -> 2280 | P31: =calculation!E86 -> 1445 | Q31: =calculation!F86 -> 1722 | R31: =calculation!G86 -> 1196 | S31: =calculation!H86 -> 7747
M32: =calculation!B87 -> C0006 | N32: =calculation!C87 -> 372 | O32: =calculation!D87 -> 1818 | P32: =calculation!E87 -> 1346 | Q32: =calculation!F87 -> 1156 | R32: =calculation!G87 -> 1484 | S32: =calculation!H87 -> 6176
M33: =calculation!B88 -> C0009 | N33: =calculation!C88 -> 1415 | O33: =calculation!D88 -> 1271 | P33: =calculation!E88 -> 1214 | Q33: =calculation!F88 -> 1135 | R33: =calculation!G88 -> 1566 | S33: =calculation!H88 -> 6601
M34: =calculation!B89 -> C0014 | N34: =calculation!C89 -> 1362 | O34: =calculation!D89 -> 1363 | P34: =calculation!E89 -> 1152 | Q34: =calculation!F89 -> 777 | R34: =calculation!G89 -> 750 | S34: =calculation!H89 -> 5404
